<?xml version="1.0" encoding="UTF-8"?>
<metadata>
  <groupId>org.codehaus.mojo</groupId>
  <artifactId>sonar-maven-plugin</artifactId>
  <versioning>
    <latest>2.5</latest>
    <release>2.5</release>
    <versions>
      <version>1.0-beta-1</version>
      <version>1.0-beta-2</version>
      <version>1.0</version>
      <version>2.0-beta-1</version>
      <version>2.0-beta-2</version>
      <version>2.0</version>
      <version>2.1</version>
      <version>2.2</version>
      <version>2.3</version>
      <version>2.3.1</version>
      <version>2.4</version>
      <version>2.5</version>
    </versions>
    <lastUpdated>20150109111800</lastUpdated>
  </versioning>
</metadata>
